{
"scale_to_square_image_in_notifications":false,
"screen_brightness_key":0.7366667,
"resume_on_audio_focus_gain":true,
"use_inexact_seek_key":false,
"tablet_mode":"auto",
"show_age_restricted_content":true,
"screen_brightness_timestamp_key":1758673713773,
"clear_queue_confirmation_key":true,
"is_in_background":true,
"popup_remember_size_pos_key":true,
"auto_queue_key":false,
"show_original_time_ago_key":false,
"night_theme":"black_theme",
"playback_skip_silence_key":false,
"limit_mobile_data_usage":"360p",
"enable_playback_state_lists":true,
"enable_playback_resume":true,
"file_replacement_character":"_",
"update_app_key":true,
"default_resolution":"1080p60",
"channel_tabs":["show_channel_tabs_livestreams","show_channel_tabs_likes","show_channel_tabs_videos","show_channel_tabs_albums","show_channel_tabs_channels","show_channel_tabs_tracks","show_channel_tabs_about","show_channel_tabs_shorts","show_channel_tabs_playlists"],
"downloads_max_retry":"3",
"content_country":"system",
"notification_slot_compact_0_key":0,
"streams_notifications_interval":"14400",
"show_next_video":true,
"downloads_storage_ask":false,
"popup_saved_width":609.0,
"default_popup_resolution":"1080p60",
"show_higher_resolutions":false,
"list_view_mode":"auto",
"cross_network_downloads":true,
"use_external_video_player":false,
"show_comments":true,
"allow_heap_dumping_key":false,
"notification_slot_compact_1_key":1,
"feed_fetch_channel_tabs":["fetch_channel_tabs_shorts","fetch_channel_tabs_videos","fetch_channel_tabs_livestreams","fetch_channel_tabs_tracks","fetch_channel_tabs_likes"],
"show_thumbnail_key":true,
"saved_tabs_key":"{\"tabs\":[{\"tab_id\":7},{\"tab_id\":2},{\"tab_id\":1},{\"tab_id\":4},{\"tab_id\":3}]}",
"storage_use_saf":true,
"notification_slot_4_key":11,
"feed_use_dedicated_fetch_method":true,
"show_image_indicators_key":false,
"show_crash_the_player_key":false,
"prefer_original_audio":true,
"popup_saved_x":407,
"show_search_suggestions":["show_local_search_suggestions","show_remote_search_suggestions"],
"feed_update_threshold_key":"0",
"popup_saved_y":614,
"notification_colorize_key":true,
"notification_slot_compact_2_key":2,
"start_main_player_fullscreen_key":false,
"update_check_consent_key":true,
"youtube_restricted_mode_enabled":false,
"playback_pitch_key":1.0,
"file_rename_charset":"CHARSET_LETTERS_AND_DIGITS",
"streams_notifications_network":"wifi",
"enable_streams_notifications":false,
"notification_slot_2_key":6,
"right_gesture_control":"volume_control",
"enable_watch_history":true,
"autoplay_key":"autoplay_never_key",
"prefer_descriptive_audio":false,
"ignore_hardware_media_buttons_key":false,
"media_tunneling_device_blacklist_version":994,
"content_language":"system",
"main_tabs_position":false,
"image_quality_key":"image_quality_high",
"enable_search_history":true,
"minimize_on_exit_key":"minimize_on_exit_popup_key",
"show_meta_info":true,
"allow_disposed_exceptions_key":false,
"key_theme_change":false,
"preferred_open_action_key":"always_ask_player",
"theme":"auto_device_theme",
"use_external_audio_player":false,
"notification_slot_3_key":9,
"default_video_format":"video_mp4",
"show_description":true,
"update_expiry_key":1759431933,
"last_used_preferences_version":8,
"default_audio_format":"audio_m4a",
"playback_speed_key":1.0,
"seekbar_preview_thumbnail_key":"seekbar_preview_thumbnail_high_quality",
"left_gesture_control":"brightness_control",
"notification_slot_0_key":5,
"show_play_with_kodi":false,
"seek_duration":"10000",
"peertube_instance_list":"{\"instances\":[{\"name\":\"FramaTube\",\"url\":\"https://framatube.org\"}]}",
"stream_info_selected_tab":"COMMENTS",
"show_hold_to_append":true,
"notification_slot_1_key":8,
"downloads_queue_limit":true
}